LVR/3.vr_stream/log_es2_lvr	1597648477.1522448	hmdb51	LVR1	1
LVR/3.vr_stream/log_es2_lvr	1597658758.1340418	ucf101	LVR1	1
LVR/3.vr_stream/log_es2_lvr	1597648646.320714	hmdb51	LVR1	2
LVR/3.vr_stream/log_es2_lvr	1597658833.2102637	ucf101	LVR1	2
LVR/3.vr_stream/log_es2_lvr	1597655857.6927097	hmdb51	LVR1	3
